,planet_label,r_x,r_y,r_z
0,0.0,-0.10253804873842484,-0.4544386772736945,-0.027729091086239457
1,0.0,-0.07354342500772981,-0.4595789882490384,-0.030808840395841322
2,0.0,-0.04423704647589993,-0.46238394922514814,-0.03372635134494744
3,0.0,-0.014828713569277757,-0.46284449050463883,-0.036461637612337956
4,0.0,0.014472952011994056,-0.4609754333270289,-0.03899677327875781
5,0.0,0.043463679663709814,-0.45681481092284115,-0.041316128350347245
6,0.0,0.07194653459117978,-0.45042268167015176,-0.043406545564752846
7,0.0,0.0997346271628334,-0.4418794909936081,-0.0452574550631758
8,0.0,0.12665347493920734,-0.43128405485609156,-0.04686092628001588
9,0.0,0.1525429640398359,-0.41875124905938815,-0.04821165903925717
10,0.0,0.17725887659419937,-0.4044094947001253,-0.04930691818994219
11,0.0,0.20067397114088262,-0.38839813107581705,-0.05014641803603871
12,0.0,0.22267862171022068,-0.37086476355487574,-0.05073216423810012
13,0.0,0.24318103791053175,-0.3519626661747129,-0.051068261752182355
14,0.0,0.26210710190066433,-0.33184830797479786,-0.05116069773655045
15,0.0,0.27939986826087393,-0.31067905935468604,-0.05101710824670325
16,0.0,0.2950187793679695,-0.28861112110115594,-0.05064653702902245
17,0.0,0.3089386521028144,-0.2657977050827325,-0.05005919390383502
18,0.0,0.32114849193633516,-0.2423874827330471,-0.049266219196436006
19,0.0,0.33165018815733543,-0.2185233059140851,-0.04827945952298986
20,0.0,0.340457139793341,-0.19434119494513302,-0.04711125905060529
21,0.0,0.3475928562161946,-0.1699695806957362,-0.04577426919636271
22,0.0,0.3530895700632015,-0.1455287817039192,-0.04428127866142723
23,0.0,0.3569868934205659,-0.12113069320081551,-0.04264506474983512
24,0.0,0.35933054160091693,-0.09687866251636085,-0.04087826611809636
25,0.0,0.36017114260053534,-0.07286752436870861,-0.03899327644936178
26,0.0,0.35956314465393646,-0.04918376973786362,-0.03700215804214126
27,0.0,0.3575638293420219,-0.025905823125041277,-0.0349165739384137
28,0.0,0.3542324335147022,-0.0031044047526890828,-0.032747736974412564
29,0.0,0.34962937986493825,0.019157043557608694,-0.03050637400161719
30,0.0,0.3438156133034393,0.04082188767090561,-0.02820270347678578
31,0.0,0.33685203826926297,0.06183980192387814,-0.025846424639904688
32,0.0,0.32879905069238197,0.08216625527294275,-0.023446716570716064
33,0.0,0.31971615741350196,0.10176199431948847,-0.021012245522967293
34,0.0,0.30966167537692224,0.12059253255737303,-0.01855117906785312
35,0.0,0.29869250276092324,0.13862765323628307,-0.016071205723714628
36,0.0,0.28686395432116796,0.15584093151803285,-0.013579558899509805
37,0.0,0.27422965352890233,0.17220928012484382,-0.011083044128446434
38,0.0,0.26084147452997886,0.18771252143237366,-0.008588068710759284
39,0.0,0.2467495274851032,0.2023329879319029,-0.006100673017666132
40,0.0,0.23200218143739298,0.21605515215748677,-0.0036265628299727553
41,0.0,0.2166461194596762,0.22886528652456473,-0.0011711421934768895
42,0.0,0.20072642143730168,0.24075115303532807,0.001260453631195384
43,0.0,0.18428667042497535,0.2517017224522977,0.0036633254643167294
44,0.0,0.16736907906555296,0.26170692230548454,0.00603277801865505
45,0.0,0.15001463306601653,0.2707574129622165,0.008364288439573559
46,0.0,0.13226324918528665,0.27884439093614877,0.010653475739829464
47,0.0,0.11415394559657431,0.2859594186289754,0.012896071259224831
48,0.0,0.09572502284172027,0.29209427977270447,0.015087890252797076
49,0.0,0.0770142538955558,0.29724085996152094,0.017224804693564702
50,0.0,0.058059082104398654,0.30139105182131365,0.019302717366267607
51,0.0,0.03889682595431149,0.3045366845542241,0.02131753732644113
52,0.0,0.01956488976149684,0.3066694778084629,0.023265156804015436
53,0.0,0.00010097945871637148,0.30778102005426744,0.025141429642000633
54,0.0,-0.01945667732304518,0.30786277188981037,0.026942151378345783
55,0.0,-0.03906910771076255,0.3069060949507634,0.028663041102444754
56,0.0,-0.05869636750858148,0.3049023073486054,0.03029972524675134
57,0.0,-0.07829731365976196,0.30184276680951794,0.03184772350830439
58,0.0,-0.09782937655122176,0.29771898292089943,0.03330243713437821
59,0.0,-0.11724833374993784,0.2925227601078966,0.03465913985061854
60,0.0,-0.13650808712277715,0.2862463731480279,0.03591297175843247
61,0.0,-0.15556044573009706,0.278882777176066,0.037058936580423925
62,0.0,-0.17435491740160894,0.27042585421956816,0.03809190268740633
63,0.0,-0.1928385125021946,0.260870698320862,0.03900660839674873
64,0.0,-0.2109555640754112,0.2502139412239228,0.03979767208787015
65,0.0,-0.22864756931018254,0.23845412041139696,0.04045960773442152
66,0.0,-0.24585305810464764,0.22559209094186702,0.04098684650130299
67,0.0,-0.26250749538800505,0.21163148203125723,0.04137376509465291
68,0.0,-0.27854322478747867,0.1965791986137337,0.04161472158001463
69,0.0,-0.29388946216587286,0.18044596717388903,0.04170409939285756
70,0.0,-0.3084723484682486,0.16324692393094686,0.04163636025042277
71,0.0,-0.3222150721549482,0.14500224194712874,0.04140610662752034
72,0.0,-0.33503807220036613,0.1257377919013935,0.04100815437370057
73,0.0,-0.3468593331261169,0.10548582910086043,0.040437615916865996
74,0.0,-0.35759478372276154,0.0842856967935077,0.039689994310405444
75,0.0,-0.36715881089156743,0.062184533014632004,0.03876128812915678
76,0.0,-0.37546489929106136,0.039237965089081145,0.037648106896832456
77,0.0,-0.3824264060796936,0.01551077259649522,0.03634779632884856
78,0.0,-0.38795747788278334,-0.008922503798785869,0.034858572197781115
79,0.0,-0.3919741140656472,-0.03397703359042417,0.033179661076389935
80,0.0,-0.3943953763739707,-0.05955727675036421,0.03131144559363627
81,0.0,-0.3951447399532617,-0.08555670467596596,0.029255611168038535
82,0.0,-0.39415157468315487,-0.11185769503923584,0.027015290484308778
83,0.0,-0.391352738735356,-0.13833163439374002,0.024595201287197083
84,0.0,-0.38669425845472305,-0.16483926148799272,0.022001772424217914
85,0.0,-0.3801330603478539,-0.19123128151032603,0.019243252528755965
86,0.0,-0.37163871253564906,-0.21734927666526543,0.016329795356229047
87,0.0,-0.36119512499428746,-0.24302693135700715,0.013273515631381044
88,0.0,-0.348802150882733,-0.2680915807634254,0.010088509395912493
89,0.0,-0.33447702591501927,-0.29236607982861146,0.006790833316431842
90,0.0,-0.31825557978621455,-0.31567097599635735,0.0033984382621350326
91,0.0,-0.3001931537659327,-0.337826953894418,-6.894629380981704e-05
92,0.0,-0.28036516228020464,-0.3586575044331205,-0.0035899788684280454
93,0.0,-0.25886724396227456,-0.37799175537802987,-0.007141923416530582
94,0.0,-0.23581495934354046,-0.3956673865158202,-0.010700915278044114
95,0.0,-0.21134300782429422,-0.41153354123291197,-0.014242270929098577
96,0.0,-0.18560395519561926,-0.4254536387908908,-0.017740834516012507
97,0.0,-0.15876648381254105,-0.4373079887549344,-0.02117135200960181
98,0.0,-0.13101319927963445,-0.4469961115547396,-0.024508862027263503
99,0.0,-0.10253804873842456,-0.4544386772736946,-0.027729091086239492
100,1.0,-0.5364394504937712,-0.49188302150412944,0.024205484212108358
101,1.0,-0.5042310914886179,-0.5249372994174841,0.021893263642690237
102,1.0,-0.4699803574573326,-0.5558616649072559,0.01949241530269906
103,1.0,-0.4338282225138945,-0.5845293266262763,0.017012814203624885
104,1.0,-0.39592358087745705,-0.610822989517439,0.014464662073873844
105,1.0,-0.35642259289109146,-0.6346353574136561,0.011858442722955519
106,1.0,-0.3154879983630648,-0.6558695881084462,0.009204876172244116
107,1.0,-0.273288400964305,-0.6744396986883305,0.006514871798079574
108,1.0,-0.22999752757209962,-0.6902709192488267,0.0037994807374615823
109,1.0,-0.1857934665731556,-0.7032999934579341,0.001069847808998066
110,1.0,-0.14085788922811088,-0.7134754247807152,-0.0016628367978964208
111,1.0,-0.09537525825409054,-0.7207576675321145,-0.004387385814263104
112,1.0,-0.049532027802091344,-0.7251192622786513,-0.00709266291571903
113,1.0,-0.0035158389924607528,-0.726544915459355,-0.009767630237410958
114,1.0,0.042485284874443634,-0.7250315234386673,-0.012401395145142564
115,1.0,0.08828373939271003,-0.7205881415356626,-0.014983256037030563
116,1.0,0.13369313247747328,-0.7132358988916463,-0.017502746960564673
117,1.0,0.17852906634461957,-0.7030078603391879,-0.019949680841805376
118,1.0,0.22260990440318904,-0.6899488367173855,-0.022314191136474044
119,1.0,0.26575751960072935,-0.6741151453385177,-0.024586771726687964
120,1.0,0.3077980209616385,-0.65557432254844,-0.02675831490187686
121,1.0,0.34856245527442764,-0.6344047905357678,-0.028820147277794247
122,1.0,0.387887481112747,-0.6106954807320829,-0.030764063523315767
123,1.0,0.4256160126138394,-0.5845454163065491,-0.032582357780709226
124,1.0,0.46159783068371757,-0.5560632563932371,-0.034267852681086945
125,1.0,0.4956901595478247,-0.5253668047983402,-0.03581392587264112
126,1.0,0.5277582068163296,-0.4925824860178691,-0.037214533994855664
127,1.0,0.5576756654818247,-0.45784479145518264,-0.03846423404704236
128,1.0,0.585325176511526,-0.42129569876305045,-0.0395582021141323
129,1.0,0.610598750933804,-0.38308406724822935,-0.040492249426555
130,1.0,0.6333981505480175,-0.34336501226943184,-0.04126283574416289
131,1.0,0.6536352266053542,-0.3022992615338648,-0.04186708006642791
132,1.0,0.6712322160152694,-0.26005249615521375,-0.04230276868249567
133,1.0,0.6861219948259428,-0.216794679279047,-0.04256836058508613
134,1.0,0.6982482889070557,-0.17269937501227173,-0.04266299028165896
135,1.0,0.7075658419284805,-0.12794306031362998,-0.04258646804470671
136,1.0,0.714040540878928,-0.08270443241434408,-0.04233927765051494
137,1.0,0.7176494995040199,-0.03716371424409586,-0.0419225716622542
138,1.0,0.7183811001639774,0.008498039760571764,-0.04133816431888921
139,1.0,0.7162349947174743,0.054099635188603425,-0.04058852209615185
140,1.0,0.7112220651308725,0.09946042435143292,-0.03967675200978982
141,1.0,0.7033643445918812,0.14440098606807192,-0.03860658773454348
142,1.0,0.6926948999746539,0.18874379655866247,-0.037382373614895215
143,1.0,0.6792576765606042,0.23231388955987037,-0.036009046645664074
144,1.0,0.6631073059670705,0.2749395038635733,-0.03449211650207097
145,1.0,0.6443088782757146,0.3164527165625181,-0.032837643700065464
146,1.0,0.622937679385671,0.3566900603623461,-0.03105221596857786
147,1.0,0.5990788946443922,0.3954931233881345,-0.029142922916028567
148,1.0,0.5728272798333699,0.4327091299751887,-0.02711732907397988
149,1.0,0.5442868006079299,0.4681915009881121,-0.024983445401340967
150,1.0,0.5135702415114952,0.501800392259429,-0.0227496993331116
151,1.0,0.4807987857065434,0.5334032097795434,-0.02042490345835389
152,1.0,0.446101566588186,0.562875100304111,-0.018018222912978762
153,1.0,0.4096151924731303,0.5900994160737658,-0.015539141574085872
154,1.0,0.3714832455878265,0.6149681523653474,-0.012997427144054823
155,1.0,0.33185575661581224,0.6373823566144211,-0.010403095214392054
156,1.0,0.29088865610648035,0.6572525078670771,-0.007766372401523627
157,1.0,0.24874320409632367,0.6744988653359963,-0.0050976586493087965
158,1.0,0.2055853993496844,0.689051784852946,-0.0024074887960433937
159,1.0,0.1615853696893752,0.7008520020286187,0.00029350649288015056
160,1.0,0.11691674495840117,0.7098508809525461,0.0029946403216995036
161,1.0,0.07175601423222586,0.7160106272921901,0.005685209581287872
162,1.0,0.026281868986291538,0.7193044646827419,0.008354535272854659
163,1.0,-0.019325465984684882,0.7197167733391389,0.010992003020008384
164,1.0,-0.06488491200157992,0.7172431898707455,0.013587103645892168
165,1.0,-0.11021522429345346,0.7118906673384313,0.0161294736870074
166,1.0,-0.15513568604538286,0.7036774946646371,0.01860893571019473
167,1.0,-0.19946680649074416,0.6926332745906184,0.02101553829413831
168,1.0,-0.24303102072803678,0.6787988594723346,0.02333959553179804
169,1.0,-0.28565338883419006,0.6622262443182424,0.025571725905466997
170,1.0,-0.3271622917409164,0.6429784165991224,0.027702890381812263
171,1.0,-0.36739012124004333,0.6211291625024052,0.029724429570403086
172,1.0,-0.4061739613899811,0.596762829461386,0.03162809978598617
173,1.0,-0.4433562585106762,0.5699740449630705,0.03340610785225339
174,1.0,-0.47878547688072454,0.5408673918267698,0.03505114448318038
175,1.0,-0.512316737190028,0.5095570403482648,0.036556416077317175
176,1.0,-0.5438124347565344,0.476166337920327,0.03791567476078826
177,1.0,-0.5731428344883522,0.4408273569683814,0.03912324651631571
178,1.0,-0.6001866395647981,0.40368040227846474,0.04017405723840393
179,1.0,-0.6248315308235285,0.3648734790415247,0.0410636565589972
180,1.0,-0.6469746738774713,0.32456172319133897,0.04178823929350649
181,1.0,-0.6665231910461259,0.28290679587051865,0.04234466436414265
182,1.0,-0.6833945952721261,0.24007624411752493,0.04273047106602173
183,1.0,-0.6975171833064555,0.1962428301246474,0.04294389255152708
184,1.0,-0.708830385584939,0.1515838316693221,0.042983866419911414
185,1.0,-0.7172850703846203,0.10628031656608934,0.042850042312061465
186,1.0,-0.7228438000411126,0.06051639422062764,0.04254278642466838
187,1.0,-0.7254810372263013,0.014478447587546597,0.04206318287366588
188,1.0,-0.7251832995287877,-0.03164565096319344,0.04141303185360951
189,1.0,-0.7219492608456498,-0.07766733618327548,0.04059484455754407
190,1.0,-0.7157897983816461,-0.12339815503827743,0.03961183484069729
191,1.0,-0.7067279843585293,-0.16865057637258826,0.038467907630872517
192,1.0,-0.6947990218601167,-0.21323880105793658,0.03716764410851162
193,1.0,-0.680050124575158,-0.2569795684602293,0.03571628369985769
194,1.0,-0.6625403405466521,-0.2996929550151263,0.034119702947256136
195,1.0,-0.6423403203895921,-0.3412031606917191,0.03238439134117397
196,1.0,-0.6195320307954963,-0.3813392791469568,0.030517424218761576
197,1.0,-0.5942084144977133,-0.41993604743137886,0.028526432853510426
198,1.0,-0.5664729982225399,-0.4568345711993792,0.026419571879544006
199,1.0,-0.536439450493772,-0.4918830215041285,0.02420548421210842
200,2.0,0.8061149160709966,-0.6195624510348423,3.68177753244698e-05
201,2.0,0.8437581740251485,-0.5671687101801938,3.623990442953988e-05
202,2.0,0.8779415427681518,-0.5124598693241253,3.551372911126386e-05
203,2.0,0.9085214942987097,-0.45566804745964307,3.464236646519168e-05
204,2.0,0.9353705824136846,-0.39703440662071854,3.362957439694583e-05
205,2.0,0.9583780267917952,-0.3368079711405838,3.247973226719098e-05
206,2.0,0.9774502018050086,-0.27524440795211724,3.1197818153122e-05
207,2.0,0.9925110274120035,-0.21260477666882827,2.978938290990382e-05
208,2.0,1.003502260411538,-0.14915425835364332,2.82605212423904e-05
209,2.0,1.0103836852632255,-0.08516087194056632,2.6617840021362832e-05
210,2.0,1.0131332046043604,-0.02089418722255576,2.4868424099140144e-05
211,2.0,1.0117468304899406,0.04337595683920964,2.301979989647799e-05
212,2.0,1.0062385782454224,0.10738071998893267,2.107989704601074e-05
213,2.0,0.9966402656356737,0.17085350659066584,1.9057008387003085e-05
214,2.0,0.9830012208080205,0.23353118188107658,1.6959748611844835e-05
215,2.0,0.9653879031526812,0.2951552513733493,1.4797011866588659e-05
216,2.0,0.9438834418322893,0.3554729968053145,1.2577928606019334e-05
217,2.0,0.9185870972576597,0.41423856265848025,1.0311821998439195e-05
218,2.0,0.889613651225001,0.4712139879492371,8.008164166796133e-06
219,2.0,0.8570927317780948,0.5261701786968156,5.676532541261622e-06
220,2.0,0.8211680791168039,0.5788878171923213,3.3265665842148765e-06
221,2.0,0.7819967590416753,0.6291582049173806,9.679251321685102e-07
222,2.0,0.7397483305060217,0.6767840366783214,-1.3897554191369762e-06
223,2.0,0.6946039738456709,0.7215801042217779,-3.736901880042564e-06
224,2.0,0.646755586177894,0.7633739282705965,-6.064043797151535e-06
225,2.0,0.5964048503111955,0.8020063185564017,-8.361851584446335e-06
226,2.0,0.5437622832938678,0.8373318620198474,-1.0621173113326258e-05
227,2.0,0.4890462704592915,0.8692193398953902,-1.2833068641436113e-05
228,2.0,0.4324820905082469,0.8975520748895742,-1.4988843981671262e-05
229,2.0,0.3743009368114548,0.9222282100967932,-1.70800818335872e-05
230,2.0,0.31473893972780903,0.9431609216720904,-1.9098671219342466e-05
231,2.0,0.254036194323756,0.9602785675955725,-2.1036834985027853e-05
232,2.0,0.19243579745528616,0.9735247751176002,-2.288715534558555e-05
233,2.0,0.13018289774378672,0.982858469668986,-2.4642597467341716e-05
234,2.0,0.06752376154798967,0.9882538481580004,-2.629653109634242e-05
235,2.0,0.004704857613158642,0.9897002996587219,-2.7842750253110826e-05
236,2.0,-0.05802803732837991,0.9872022765266197,-2.9275491025082878e-05
237,2.0,-0.12043071011877354,0.9807791189611355,-3.058944749680993e-05
238,2.0,-0.18226135837495533,0.9704648359758857,-3.177978586505173e-05
239,2.0,-0.2432814121394587,0.9563078456396498,-3.2842156791159064e-05
240,2.0,-0.30325632909695754,0.9383706773205406,-3.3772706046723495e-05
241,2.0,-0.3619563627410503,0.9167296385067881,-3.4568083510435964e-05
242,2.0,-0.4191573031090506,0.891474448595603,-3.52254505745446e-05
243,2.0,-0.4746411898983644,0.8627078418418128,-3.5742486018351776e-05
244,2.0,-0.5281969979357767,0.8305451414454745,-3.6117390403969e-05
245,2.0,-0.5796212950904815,0.7951138065374873,-3.634888904619224e-05
246,2.0,-0.6287188728033474,0.7565529535991584,-3.6436233604016334e-05
247,2.0,-0.67530334944954,0.7150128536303898,-3.6379202336126395e-05
248,2.0,-0.7191977467605725,0.6706544061659867,-3.617809905684038e-05
249,2.0,-0.7602350395067105,0.6236485910348316,-3.583375082259114e-05
250,2.0,-0.7982586785835561,0.5741758985660639,-3.534750437228405e-05
251,2.0,-0.8331230875599085,0.5224257387737263,-3.472122133791012e-05
252,2.0,-0.864694132630303,0.4685958298998387,-3.3957272234790985e-05
253,2.0,-0.8928495657780088,0.412891566568604,-3.3058529233939626e-05
254,2.0,-0.9174794407958858,0.35552536770418275,-3.20283577123929e-05
255,2.0,-0.9384865016368367,0.2967160042936233,-3.087060657116158e-05
256,2.0,-0.955786542376409,0.23668790703714332,-2.9589597304797024e-05
257,2.0,-0.9693087378712472,0.17567045392178687,-2.8190111801634522e-05
258,2.0,-0.978995943992724,0.11389723778293404,-2.6677378849679166e-05
259,2.0,-0.984804966109494,0.05160531398209145,-2.5057059319980105e-05
260,2.0,-0.986706794290342,-0.010965571570525634,-2.3335229997316598e-05
261,2.0,-0.9846868035041542,-0.0735737736837831,-2.1518366027207858e-05
262,2.0,-0.9787449169118219,-0.1359765579068531,-1.9613321948758133e-05
263,2.0,-0.9688957301801429,-0.1979309285598005,-1.762731128475169e-05
264,2.0,-0.9551685946051139,-0.259194473788843,-1.556788466378945e-05
265,2.0,-0.9376076567161952,-0.3195262263893952,-1.3442906454173197e-05
266,2.0,-0.9162718519487858,-0.37868753883885714,-1.126052989572779e-05
267,2.0,-0.891234849923891,-0.43644297065419846,-9.029170723829987e-06
268,2.0,-0.8625849488659735,-0.4925611858405739,-6.757479289573632e-06
269,2.0,-0.8304249167263102,-0.5468158578309075,-4.454311191217884e-06
270,2.0,-0.7948717766632947,-0.5989865789377948,-2.1286964447753382e-06
271,2.0,-0.7560565346661656,-0.648859770953766,2.1019276428428514e-07
272,2.0,-0.7141238472969317,-0.6962295931503624,2.5530756908349143e-06
273,2.0,-0.6692316277685733,-0.7408988435472839,4.890597927478511e-06
274,2.0,-0.6215505888768251,-0.7826798489573319,7.213367498095972e-06
275,2.0,-0.5712637216579171,-0.821395338968656,9.511992037917047e-06
276,2.0,-0.518565709054581,-0.856879298710672,1.177711693173508e-05
277,2.0,-0.46366227433533763,-0.8889777949719435,1.3999464262951457e-05
278,2.0,-0.406769464524267,-0.9175497700052342,1.616987240727546e-05
279,2.0,-0.34811286965582827,-0.9424677971745177,1.827933608645381e-05
280,2.0,-0.2879267792661389,-0.9636187924783653,2.0319046679700768e-05
281,2.0,-0.2264532781618092,-0.9809046759305331,2.2280432573897055e-05
282,2.0,-0.16394128416197234,-0.9942429767978251,2.4155199318484083e-05
283,2.0,-0.10064553117973807,-1.0035673767924254,2.5935369337653365e-05
284,2.0,-0.03682550168600568,-1.008828185494847,2.7613320941270238e-05
285,2.0,0.027255686729204198,-1.0099927425470963,2.9181826367302817e-05
286,2.0,0.0913324353262307,-1.0070457415047118,3.063408858265536e-05
287,2.0,0.1551378527152344,-0.999989470670715,3.196377656649707e-05
288,2.0,0.21840497129479253,-0.988843966752019,3.3165058800657294e-05
289,2.0,0.2808679844996167,-0.9736470777757618,3.423263469559757e-05
290,2.0,0.3422634972503189,-0.9544544323737593,3.516176368798555e-05
291,2.0,0.4023317815939682,-0.9313393132805529,3.5948291757034834e-05
292,2.0,0.4608180292025137,-0.9043924336854104,3.658867512151994e-05
293,2.0,0.5174735921655724,-0.8737216159207687,3.7080000897636434e-05
294,2.0,0.5720572033817257,-0.8394513728471271,3.7420004519492254e-05
295,2.0,0.624336167823609,-0.8017223931945319,3.7607083748749696e-05
296,2.0,0.6740875160304753,-0.7606909330297082,3.764030912748973e-05
297,2.0,0.7210991113688751,-0.7165281164213713,3.751943075837087e-05
298,2.0,0.7651707028972732,-0.669419149259685,3.724488132818213e-05
299,2.0,0.8061149160709968,-0.6195624510348421,3.6817775324469784e-05
300,3.0,1.664639796537151,-0.04957654853450061,-0.0418742220242551
301,3.0,1.6641414968689943,0.05609981952738574,-0.039647445500563164
302,3.0,1.6562584773715718,0.16143971204777124,-0.03724656551413541
303,3.0,1.6410459035060871,0.26588996246762536,-0.034684527481405186
304,3.0,1.618606142102773,0.3689056817413459,-0.03197526125261435
305,3.0,1.589087432402098,0.4699549266455646,-0.02913355068208657
306,3.0,1.5526820107285446,0.5685231361571863,-0.026174894655893833
307,3.0,1.509623733189044,0.6641172636241626,-0.023115362180524325
308,3.0,1.4601852513352005,0.756269541537459,-0.019971444204505383
309,3.0,1.4046748042755304,0.8445408263878732,-0.016759904830894713
310,3.0,1.343432697035831,0.9285234828954594,-0.013497634486023362
311,3.0,1.2768275389193067,1.0078437793431552,-0.010201507446084779
312,3.0,1.2052523172019634,1.0821637783403588,-0.006888245898095665
313,3.0,1.1291203808070127,1.1511827196229583,-0.0035742924374291968
314,3.0,1.048861405820696,1.214637903048031,-0.0002756925938143494
315,3.0,0.9649174101018456,1.2723050904137956,0.0029920113548531947
316,3.0,0.8777388781140234,1.3239984538553813,0.006213874362877278
317,3.0,0.7877810498205298,1.3695701061448464,0.009375629810889694
318,3.0,0.6955004193894536,1.4089092541532766,0.012463757656115302
319,3.0,0.6013514809117321,1.4419410209867545,0.015465539579891958
320,3.0,0.5057837496701101,1.4686249849299957,0.018369101441073114
321,3.0,0.4092390790051982,1.4889534844244172,0.02116344357515525
322,3.0,0.3121492847558923,1.5029497380207304,0.02383845967090362
323,3.0,0.21493408180458706,1.5106658267619693,0.026384945107825908
324,3.0,0.11799933058062659,1.5121805839730864,0.02879459574967009
325,3.0,0.02173558556575711,1.5075974341672738,0.031059998263198815
326,3.0,-0.07348306704604013,1.4970422189335637,0.03317461307089436
327,3.0,-0.1672998993451839,1.4806610434402458,0.035132751054826376
328,3.0,-0.25937617923001294,1.4586181727516405,0.036929545110987096
329,3.0,-0.3493915775355579,1.431094002667192,0.038560917613499376
330,3.0,-0.4370443682747188,1.3982831253825068,0.0400235447907506
331,3.0,-0.5220514462346992,1.3603925060473037,0.04131481894502066
332,3.0,-0.604148186308186,1.3176397823359214,0.04243280936755331
333,3.0,-0.6830881685728616,1.2702516955093692,0.043376222715833426
334,3.0,-0.7586427923593938,1.218462658170121,0.04414436353217103
335,3.0,-0.830600801457182,1.1625134610100543,0.044737095495143445
336,3.0,-0.8987677412818023,1.102650118330565,0.04515480391009725
337,3.0,-0.9629653673422564,1.0391228499622192,0.04539835986337223
338,3.0,-1.0230310227642931,0.9721851954097718,0.0454690863883528
339,3.0,-1.078817001002406,0.902093254570586,0.04536872692065338
340,3.0,-1.130189908252234,0.8291050481891458,0.04509941625514256
341,3.0,-1.1770300384918386,0.7534799902836171,0.044663654159251234
342,3.0,-1.2192307725611322,0.6754784640771501,0.04406428174500502
343,3.0,-1.256698011251819,0.5953614924521506,0.043304460656191264
344,3.0,-1.2893496510371334,0.513390493586507,0.04238765508659524
345,3.0,-1.3171151098266358,0.42982711219529257,0.04131761660978923
346,3.0,-1.339934908986641,0.3449331166609995,0.040098371769933555
347,3.0,-1.357760316817348,0.2589703522640035,0.038734212355808435
348,3.0,-1.3705530577157699,0.17220074070008848,0.037229688256176056
349,3.0,-1.378285090368613,0.08488631607433786,0.03558960277291527
350,3.0,-1.3809384574985875,-0.0027107124254667214,0.03381901024852973
351,3.0,-1.3785052089167849,-0.09032788095986599,0.0319232158459916
352,3.0,-1.3709873988969765,-0.17770238435410735,0.029907777300871286
353,3.0,-1.3583971581684946,-0.2645709920933926,0.027778508447798077
354,3.0,-1.3407568401056564,-0.3506699768207712,0.025541484305031885
355,3.0,-1.3180992399564695,-0.43573506520825805,0.023203047481909107
356,3.0,-1.2904678851846378,-0.5195014211305353,0.020769815653837224
357,3.0,-1.257917394180559,-0.6017036711333013,0.018248689828123606
358,3.0,-1.2205138997138003,-0.6820759822433736,0.015646863101105076
359,3.0,-1.178335532537789,-0.7603522022001598,0.012971829582770697
360,3.0,-1.1314729595055315,-0.8362660721793024,0.01023139313944986
361,3.0,-1.0800299694040352,-0.9095515220071906,0.007433675578410862
362,3.0,-1.0241240984590991,-0.9799430577040821,0.004587123870776526
363,3.0,-0.9638872860997069,-1.0471762509148583,0.0017005159815821139
364,3.0,-0.8994665501058258,-1.110988339358426,-0.0012170351511772426
365,3.0,-0.8310246687043668,-1.1711189468152152,-0.004156079972093205
366,3.0,-0.7587408555415751,-1.2273109303413383,-0.007106833504799043
367,3.0,-0.6828114117704358,-1.2793113613112579,-0.010059179914325464
368,3.0,-0.6034503377814618,-1.3268726455122983,-0.013002680973413436
369,3.0,-0.5208898854172472,-1.3697537858101783,-0.015926588976537433
370,3.0,-0.435381029897734,-1.4077217888453806,-0.01881986464181413
371,3.0,-0.34719383920762525,-1.4405532147822329,-0.021671200526079577
372,3.0,-0.25661771743286954,-1.468035866301897,-0.02446905045011652
373,3.0,-0.16396149756270836,-1.4899706098046297,-0.02720166538721963
374,3.0,-0.06955335868844675,-1.5061733181783605,-0.029857136207028873
375,3.0,0.026259457573199585,-1.5164769205302882,-0.032423443586102586
376,3.0,0.12311115612559687,-1.5207335400173925,-0.034888515295669095
377,3.0,0.22061814644065297,-1.518816696425342,-0.03724029095453908
378,3.0,0.3183800712120916,-1.510623545533384,-0.039466794191114526
379,3.0,0.4159811244298331,-1.4960771226917362,-0.04155621199346652
380,3.0,0.5129916739917881,-1.475128553579743,-0.04349698084226447
381,3.0,0.6089701993195136,-1.4477591909833263,-0.04527787902072946
382,3.0,0.7034655488426858,-1.4139826328243892,-0.046888124282810174
383,3.0,0.7960195157024559,-1.3738465738022227,-0.04831747584076473
384,3.0,0.8861697226802066,-1.3274344410822478,-0.049556339412852674
385,3.0,0.9734527993211594,-1.2748667637011217,-0.05059587385862513
386,3.0,1.0574078256797808,-1.2163022259428513,-0.05142809773201721
387,3.0,1.137580008305741,-1.1519383570422173,-0.05204599391041535
388,3.0,1.2135245453029135,-1.0820118133095828,-0.052443610320664656
389,3.0,1.2848106288565089,-1.0067982142082816,-0.05261615468994402
390,3.0,1.3510255258893111,-0.9266115010462324,-0.05256008120913648
391,3.0,1.4117786708435964,-0.8418027956825416,-0.05227316701597462
392,3.0,1.46670569934964,-0.7527587468290355,-0.051754576490119754
393,3.0,1.5154723480662384,-0.6598993628919713,-0.05100491150524728
394,3.0,1.5577781445448289,-0.5636753425166698,-0.05002624600406713
395,3.0,1.5933598117875112,-0.4645649266635537,-0.048822143547714955
396,3.0,1.621994315362529,-0.3630703087006574,-0.04739765683451501
397,3.0,1.6435014865267716,-0.25971365115622796,-0.04575930857494018
398,3.0,1.6577461626904393,-0.15503276893956186,-0.04391505353699989
399,3.0,1.664639796537151,-0.049576548534499665,-0.04187422202425507
400,4.0,-5.290778933886411,-1.3210392617862818,0.12387095134774531
401,4.0,-5.195798395745184,-1.653861043774946,0.12312855935716269
402,4.0,-5.078879942742207,-1.9795513269354985,0.12186567188629913
403,4.0,-4.940585606189924,-2.2966071724031565,0.12008862004953752
404,4.0,-4.78158803896027,-2.6035743650659517,0.11780641258006824
405,4.0,-4.602665651971572,-2.899056442739115,0.11503066452244733
406,4.0,-4.404696908037323,-3.18172315256421,0.11177550469117205
407,4.0,-4.18865385170436,-3.4503182451780794,0.10805746328291099
408,4.0,-3.955594964239561,-3.7036665293853215,0.10389534131631395
409,4.0,-3.706657441377793,-3.9406801235594444,0.09931006381853348
410,4.0,-3.4430489976615304,-4.160363854410446,0.09432451887659261
411,4.0,-3.1660393051003557,-4.3618197686931435,0.08896338482100745
412,4.0,-2.8769511754474104,-4.544250738493749,0.08325294790676088
413,4.0,-2.577151594692315,-4.706963155538,0.07722091290263113
414,4.0,-2.2680427155335954,-4.849368724157034,0.07089620899538235
415,4.0,-1.951052908803676,-4.970985375808654,0.06430879336324502
416,4.0,-1.6276279683069323,-5.071437340112114,0.05748945467750472
417,4.0,-1.2992225555634715,-5.1504544179964125,0.05046961865694968
418,4.0,-0.9672919618177942,-5.207870511626168,0.04328115763322498
419,4.0,-0.6332842546737179,-5.243621473153015,0.03595620589211513
420,4.0,-0.2986328661557609,-5.257742339998716,0.0285269823429797
421,4.0,0.035250331836426785,-5.250364028315672,0.021025621842528888
422,4.0,0.36698142954836266,-5.221709558545312,0.013484016266156328
423,4.0,0.6952103343229723,-5.172089887699591,0.0059336661860342615
424,4.0,1.0186260640721092,-5.101899422253256,-0.0015944562145524255
425,4.0,1.3359614743456696,-5.01161128350724,-0.00907003258194198
426,4.0,1.6459974227851555,-4.90177239413681,-0.016463511987139957
427,4.0,1.9475663825676548,-4.772998450551677,-0.02374621266634275
428,4.0,2.239555523303866,-4.625968840852044,-0.030890412071675928
429,4.0,2.5209092837108944,-4.4614215627444045,-0.03786942555045608
430,4.0,2.790631465227328,-4.280148189955288,-0.044657674103937894
431,4.0,3.0477868795903764,-4.082988929609857,-0.0512307417879274
432,4.0,3.2915025862897407,-3.8708278068695696,-0.05756542340806418
433,4.0,3.5209687578051376,-3.6445880069763885,-0.06363976323268929
434,4.0,3.7354392116910025,-3.405227398839458,-0.06943308549707326
435,4.0,3.9342316489693365,-3.1537342585145063,-0.07492601750570888
436,4.0,4.116727638011606,-2.8911232054388267,-0.08010050615590675
437,4.0,4.282372382216561,-2.618431359151508,-0.08493982870770238
438,4.0,4.430674308406242,-2.3367147194889033,-0.08942859861379464
439,4.0,4.5612045110470785,-2.0470447689252538,-0.09355276720056696
440,4.0,4.673596085232905,-1.7505052918409842,-0.09729962195883607
441,4.0,4.767543378910974,-1.4481894020500166,-0.10065778216236648
442,4.0,4.842801192153942,-1.1411967668968999,-0.10361719248481413
443,4.0,4.8991839484354545,-0.8306310136333881,-0.10616911523290494
444,4.0,4.936564859902375,-0.5175973015856861,-0.10830612175645551
445,4.0,4.954875105593752,-0.20320004180882778,-0.11002208353529677
446,4.0,4.9541030384687526,0.11145925552760527,-0.11131216338010158
447,4.0,4.934293434000287,0.42528402688886313,-0.1121728071192486
448,4.0,4.8955467899896,0.7371846159157447,-0.11260173607773843
449,4.0,4.838018684176184,1.0460801709001935,-0.1125979405872671
450,4.0,4.761919193169769,1.3509005015407154,-0.11216167469920829
451,4.0,4.667512373226263,1.6505879172513749,-0.11129445220472489
452,4.0,4.555115800435119,1.9440990689643,-0.10999904399873842
453,4.0,4.425100164987944,2.230406815776287,-0.1082794767572002
454,4.0,4.277888911363298,2.50850213694825,-0.10614103283017982
455,4.0,4.113957913498284,2.77739610867185,-0.10359025118688682
456,4.0,3.933835171331718,3.036121963668201,-0.10063492918303864
457,4.0,3.7381005125083298,3.2837372500731425,-0.09728412485622628
458,4.0,3.527385280543285,3.5193261041851094,-0.09354815939140637
459,4.0,3.30237198837988,3.7420016494966992,-0.08943861933674535
460,4.0,3.063793914054309,3.950908531990911,-0.0849683580902534
461,4.0,2.8124346131385316,4.145225598949617,-0.08015149612058031
462,4.0,2.5491273207992364,4.324168725489734,-0.07500341933173169
463,4.0,2.2747542147276123,4.4869937897085075,-0.06954077493218618
464,4.0,1.990245508905802,4.632999793685907,-0.06378146412496014
465,4.0,1.6965783472315958,4.7615321236672,-0.057744630897728924
466,4.0,1.3947754654777282,4.871985938548175,-0.051450646162462574
467,4.0,1.085903589973586,4.963809671334246,-0.044921086473559205
468,4.0,0.7710715418254814,5.036508623578199,-0.038178706543653046
469,4.0,0.4514280164970863,5.089648627967042,-0.031247404778687635
470,4.0,0.12815901021291198,5.122859749286801,-0.02415218107003622
471,4.0,-0.1975151330204512,5.135839989018917,-0.016919086112955353
472,4.0,-0.5243430769103763,5.128358953902257,-0.009575161568915566
473,4.0,-0.85104627018036,5.100261444032113,-0.0021483704556234384
474,4.0,-1.176323160319544,5.0514709115788605,0.0053324827661078295
475,4.0,-1.4988538529645046,4.981992737121422,0.012837842834380192
476,4.0,-1.8173052198445134,4.891917267042641,0.020337505357678705
477,4.0,-2.1303364512052516,4.781422552570256,0.02780072967124636
478,4.0,-2.43660504090896,4.650776729016068,0.03519636286959766
479,4.0,-2.734773184079414,4.500339972714935,0.042492974824390566
480,4.0,-3.0235145583382597,4.33056597323369,0.04965900379920415
481,4.0,-3.3015214505135817,4.142002859736352,0.05666291206221377
482,4.0,-3.567512181371527,3.9352935230641335,0.06347335067789416
483,4.0,-3.82023877163393,3.711175279199473,0.07005933243398164
484,4.0,-4.05849478352937,3.4704788253832897,0.076390411634936
485,4.0,-4.28112326363133,3.2141264472553575,0.08243686927359235
486,4.0,-4.4870247050265935,2.943129443957499,0.08816990188455931
487,4.0,-4.675164940194557,2.6585847480979887,0.09356181219247368
488,4.0,-4.844582870624242,2.361670728692596,0.09858619950181675
489,4.0,-4.994397935394268,2.0536421774914357,0.10321814763886615
490,4.0,-5.1238172189100935,1.735824492239354,0.10743440815631897
491,4.0,-5.232142097913076,1.4096070841238473,0.11121357645239428
492,4.0,-5.318774329881065,1.076436050621556,0.11453625844309967
493,4.0,-5.383221489107398,0.7378061688148358,0.117385225461997
494,4.0,-5.425101663088391,0.3952522776460561,0.11974555514807794
495,4.0,-5.444147330313923,0.05034013013546135,0.12160475621957607
496,4.0,-5.440208351016452,-0.2953431920604692,0.1229528752184419
497,4.0,-5.4132540146958625,-0.640199199574464,0.12378258354386065
498,4.0,-5.363374102040158,-0.9826281416278286,0.12408924336906618
499,4.0,-5.290778933886415,-1.3210392617862745,0.12387095134774541
500,5.0,0.893795295157723,-10.01408894791517,0.13835655088951934
501,5.0,1.5265078442871562,-9.93649710842309,0.11184650734119594
502,5.0,2.152434116470124,-9.816661259076408,0.08487275068692873
503,5.0,2.7686327775570874,-9.655189487652374,0.057562815945112526
504,5.0,3.3722225797280503,-9.452912581543057,0.03004571588442226
505,5.0,3.9604012324162383,-9.210877217127166,0.002451072266654676
506,5.0,4.530463372159664,-8.930337296140204,-0.02509174925410774
507,5.0,5.0798174235730045,-8.612743565368815,-0.052454489944225725
508,5.0,5.606001166519447,-8.259731682073149,-0.07951082434068588
509,5.0,6.106695850918508,-7.873108909434818,-0.10613715263227493
510,5.0,6.579738729634376,-7.454839643567681,-0.13221335041955407
511,5.0,7.023133910674579,-7.007029985914177,-0.15762346821240864
512,5.0,7.435061461595017,-6.5319115820550975,-0.18225637415816975
513,5.0,7.813884730672346,-6.031824950129437,-0.2060063347149419
514,5.0,8.15815588023509,-5.509202519396896,-0.22877352925713657
515,5.0,8.466619656782365,-4.966551592322508,-0.25046449588719444
516,5.0,8.738215449506853,-4.406437432384829,-0.27099250699487454
517,5.0,8.972077713035219,-3.8314666651609355,-0.2902778743221531
518,5.0,9.167534851191487,-3.2442711627435536,-0.30824818443049085
519,5.0,9.324106676095319,-2.647492561853814,-0.32483846650540826
520,5.0,9.441500570775062,-2.043767544792339,-0.3399912953533473
521,5.0,9.519606493675063,-1.4357139902706861,-0.3536568332352229
522,5.0,9.558490970048707,-0.825918078796616,-0.36579281483246784
523,5.0,9.558390218428967,-0.2169224152078968,-0.37636448015206997
524,5.0,9.519702560412316,0.38878479034994484,-0.3853444605487218
525,5.0,9.442980259194938,0.9887794618123671,-0.3927126232801338
526,5.0,9.328920927020484,1.5807103143408083,-0.3984558801242317
527,5.0,9.178358634319352,2.1623064434149533,-0.4025679655852558
528,5.0,8.992254844232402,2.7313838749137345,-0.40504919011228263
529,5.0,8.77168928580518,3.2858511180260193,-0.4059061735620908
530,5.0,8.517850867782116,3.8237137735488647,-0.4051515638727502
531,5.0,8.2320287229692,4.343078258788475,-0.4028037455889787
532,5.0,7.915603460880087,4.842154716950348,-0.39888654250884037
533,5.0,7.570038694108988,5.319259183701263,-0.39342891831662274
534,5.0,7.196872891819194,5.772815086646636,-0.38646467864047607
535,5.0,6.797711602092528,6.201354154952292,-0.3780321775361419
536,5.0,6.374220073807226,6.603516816421708,-0.36817403095896684
537,5.0,5.928116298317165,6.978052158194249,-0.3569368393531124
538,5.0,5.461164481576129,7.3238175250313855,-0.3443709210657485
539,5.0,4.975168948540041,7.639777826074802,-0.33053005789007894
540,5.0,4.471968473712365,7.9250046171500195,-0.315471253658004
541,5.0,3.953431024577619,8.178675021295936,-0.2992545064437688
542,5.0,3.4214488983795137,8.400070545353987,-0.28194259460569
543,5.0,2.8779342272164357,8.588575845263236,-0.26360087658488424
544,5.0,2.3248148217085056,8.743677487275178,-0.24429710409793
545,5.0,1.7640303194933944,8.864962746705757,-0.2241012481042493
546,5.0,1.1975286014845214,8.95211848014456,-0.2030853366978818
547,5.0,0.6272624361272028,9.004930101293585,-0.1813233038662062
548,5.0,0.0551863097696188,9.023280684846753,-0.15889084787386354
549,5.0,-0.5167466003151584,9.00715021707171,-0.13586529786742463
550,5.0,-1.086587354799443,8.956615006034497,-0.11232548715406288
551,5.0,-1.6523941282140449,8.871847258722974,-0.08835163148462316
552,5.0,-2.212235077210759,8.753114826680536,-0.06402521056726396
553,5.0,-2.7641912461993683,8.60078111615732,-0.039428850951705896
554,5.0,-3.306359554668975,8.415305153219624,-0.014646208355911516
555,5.0,-3.8368559093496355,8.197241788730539,0.010238152543091239
556,5.0,-4.3538184827663455,7.947242022625995,0.03513888286405309
557,5.0,-4.855411197661548,7.666053421469191,0.059969980843768755
558,5.0,-5.3398274541878585,7.354520597885509,0.08464493173956583
559,5.0,-5.805294133667346,7.0135857151818835,0.10907685829333558
560,5.0,-6.25007590903996,6.644288975271996,0.1331786836823159
561,5.0,-6.672479887843103,6.247769043005923,0.1568633087988242
562,5.0,-7.070860608639231,5.825263355197221,0.18004380558872682
563,5.0,-7.4436254062016785,5.378108258124098,0.20263362803387996
564,5.0,-7.789240154452496,4.907738913140138,0.22454684218449944
565,5.0,-8.106235389098224,4.415688906366095,0.245698376430747
566,5.0,-8.3932128041228,3.9035894953630073,0.26600429294648864
567,5.0,-8.648852107779655,3.3731684233387424,0.285382080940233
568,5.0,-8.87191821450633,2.826248229955552,0.3037509720074138
569,5.0,-9.061268739317924,2.264743987337022,0.3210322774939259
570,5.0,-9.215861750801222,1.6906603905741737,0.33714974735366704
571,5.0,-9.334763727942187,1.106088134060835,0.35202994951453154
572,5.0,-9.417157654821883,0.5131995084992447,0.3656026682610001
573,5.0,-9.46235117589288,-0.08575684144869555,0.3778013196020065
574,5.0,-9.469784723318641,-0.6884620520092501,0.3885633810266902
575,5.0,-9.439039516978957,-1.2925341120653169,0.39783083246649
576,5.0,-9.369845327504626,-1.8955359056407812,0.4055506046902727
577,5.0,-9.262087883424222,-2.494984246349816,0.4116750307722317
578,5.0,-9.115815795529526,-3.088359910629222,0.41616229570448915
579,5.0,-8.931246865251703,-3.67311866035664,0.4189768786936032
580,5.0,-8.708773639552684,-4.2467032276208885,0.42008998219993887
581,5.0,-8.448968072929938,-4.8065562151944,0.4194799413693291
582,5.0,-8.152585157940633,-5.350133845975418,0.4171326071863687
583,5.0,-7.820565389466802,-5.874920473710589,0.413041696466494
584,5.0,-7.454035935003562,-6.3784437461397285,0.40720910171717306
585,5.0,-7.054310393722038,-6.858290290850889,0.3996451539527663
586,5.0,-6.622887041012135,-7.312121774175272,0.3903688317559398
587,5.0,-6.161445472619159,-7.737691165004094,0.379407910250502
588,5.0,-5.671841583206666,-8.132859019108036,0.3667990441914024
589,5.0,-5.156100837940076,-8.495609586010561,0.35258778008769487
590,5.0,-4.616409822096006,-8.824066530306487,0.33682849314815433
591,5.0,-4.0551060822460965,-9.116508053063562,0.31958424586581113
592,5.0,-3.4746663026090396,-9.371381197049324,0.3009265662196207
593,5.0,-2.8776928909828405,-9.587315122328416,0.2809351447457842
594,5.0,-2.2668990794521378,-9.763133146482659,0.2596974510892902
595,5.0,-1.6450926749593382,-9.897863356370156,0.23730827205503613
596,5.0,-1.0151586229530611,-9.990747615850161,0.21386917460046134
597,5.0,-0.3800405728278049,-10.041248815973578,0.18948789860909637
598,5.0,0.2572783440665569,-10.049056240327142,0.16427768561669034
599,5.0,0.893795295157723,-10.01408894791517,0.13835655088951934
600,6.0,19.848199594769255,-3.1425607767850607,-0.2685186710958932
601,6.0,20.00560191852692,-1.8770895879875624,-0.26587482328523016
602,6.0,20.078429144716996,-0.6041928989841967,-0.26210885749215446
603,6.0,20.066420535484088,0.670243235287872,-0.2572391720713485
604,6.0,19.96975751885024,1.9403381496430985,-0.2512898683664472
605,6.0,19.789060311733515,3.2002537175690238,-0.24429056958462902
606,6.0,19.525380930817313,4.444230795401343,-0.23627619552630275
607,6.0,19.180192724030995,5.666624555866549,-0.22728669638960813
608,6.0,18.75537660699856,6.86193833018346,-0.21736674944450085
609,6.0,18.253204235479412,8.024855610133123,-0.20656542285601637
610,6.0,17.676318385520453,9.150269899856003,-0.1949358113211722
611,6.0,17.02771084693633,10.233312150451397,-0.18253464846246803
612,6.0,16.310698162247405,11.269375557467132,-0.16942190109019137
613,6.0,15.528895561993993,12.254137550753299,-0.15566035050623983
614,6.0,14.686189458320904,13.183578856582981,-0.1413151659776817
615,6.0,13.786708862033743,14.053999562129992,-0.12645347536543947
616,6.0,12.83479608433073,14.8620321611373,-0.11114393766143013
617,6.0,11.834977073662127,15.604651605832347,-0.09545632187735822
618,6.0,10.791931721370226,16.279182432915814,-0.07946109635271342
619,6.0,9.710464447741147,16.88330307001007,-0.06322903212186588
620,6.0,8.595475353760605,17.41504746272089,-0.04683082351433549
621,6.0,7.451932194157243,17.872804191045955,-0.030336728672078817
622,6.0,6.284843395194033,18.255313267036392,-0.013816232166148995
623,6.0,5.099232307060073,18.561660823333334,0.002662268605435808
624,6.0,3.900112846499723,18.79127191455975,0.01903175204534016
625,6.0,2.692466651296364,18.94390166078002,0.035226835283870425
626,6.0,1.4812218351157842,19.019624964685207,0.051184011116653105
627,6.0,0.2712333996185414,19.018825032245296,0.06684185906629421
628,6.0,-0.9327346688268818,18.94218092077524,0.0821412310426643
629,6.0,-2.126025617665533,18.79065432921365,0.09702541239424156
630,6.0,-3.3041044862203774,18.565475833451387,0.11144025941544711
631,6.0,-4.4625710491992745,18.2681307553125,0.12533431460170644
632,6.0,-5.5971712101612034,17.90034483780419,0.1386589011257997
633,6.0,-6.7038069250871475,17.46406988200984,0.15136819814755856
634,6.0,-7.778544748896172,16.961469482953863,0.16341929866653374
635,6.0,-8.817623107620525,16.394904983327176,0.17477225168682903
636,6.0,-9.817458406160119,15.766921745486574,0.18539009048823735
637,6.0,-10.774650086265147,15.080235823936274,0.1952388487916626
638,6.0,-11.685984751854557,14.33772110282025,0.2042875665732452
639,6.0,-12.54843947919004,13.542396946005466,0.2125082872242437
640,6.0,-13.359184428014615,12.697416391277237,0.21987604767606522
641,6.0,-14.115584866753501,11.806054905116582,0.22636886301518463
642,6.0,-14.815202720475042,10.871699700563715,0.23196770700408553
643,6.0,-15.45579774471968,9.897839607842197,0.23665648980454557
644,6.0,-16.03532842170643,8.888055475744384,0.24042203407100893
645,6.0,-16.55195266798295,7.846011071262552,0.2432540504465393
646,6.0,-17.004028434439235,6.775444435576935,0.245145113353752
647,6.0,-17.390114270879195,5.680159646256199,0.2460906378296354
648,6.0,-17.708969918143744,4.56401892835566,0.2460888580075781
649,6.0,-17.95955698118762,3.430935050982198,0.2451408077031419
650,6.0,-18.141039726600994,2.2848639407979023,0.24325030341299303
651,6.0,-18.252786037891035,1.1297974398319273,0.24042392988952205
652,6.0,-18.294368551442805,-0.030243868160015452,0.23667102830754594
653,6.0,-18.265565985499514,-1.1912178407160994,0.23200368689455497
654,6.0,-18.1663646637707,-2.349068048203713,0.22643673375258982
655,6.0,-17.996960224422736,-3.499731213238589,0.2199877314584926
656,6.0,-17.75775949426011,-4.639144896598447,0.2126769728904077
657,6.0,-17.449382496905407,-5.763255506456561,0.20452747759262696
658,6.0,-17.07266455277333,-6.868026704905223,0.19556498785890847
659,6.0,-16.6286584176689,-7.949448281762921,0.18581796358717845
660,6.0,-16.118636395989707,-9.003545560502335,0.17531757483717086
661,6.0,-15.544092353869413,-10.026389394737656,0.16409769090847803
662,6.0,-14.90674354727038,-11.014106806007861,0.15219486465128512
663,6.0,-14.20853217015175,-11.962892304527953,0.13964831062769614
664,6.0,-13.451626518558546,-12.869019924104549,0.12649987566018728
665,6.0,-12.638421657978064,-13.728855990489281,0.11279400023782464
666,6.0,-11.77153947379538,-14.53887262905868,0.09857766920313223
667,6.0,-10.853827978377058,-15.295662002871008,0.0839003501158124
668,6.0,-9.888359743466927,-15.995951255904657,0.06881391768689898
669,6.0,-8.878429323455025,-16.636618118707663,0.05337256270152335
670,6.0,-7.827549533952244,-17.214707114913168,0.03763268390331248
671,6.0,-6.739446451250416,-17.727446287277317,0.021652761401520754
672,6.0,-5.618053001939369,-18.17226434130852,0.0054932102859421295
673,6.0,-4.467501018452277,-18.546808083472666,-0.010783786703242454
674,6.0,-3.292111645847334,-18.848960009731325,-0.027114468401558012
675,6.0,-2.0963839979010146,-19.076855879215962,-0.043433707050402226
676,6.0,-0.8849819767254861,-19.228902087631845,-0.05967524315578707
677,6.0,0.33728081029677703,-19.303792636049725,-0.07577194347669122
678,6.0,1.5654580794571213,-19.300525473649927,-0.09165608188299412
679,6.0,2.7944898623979615,-19.21841797833577,-0.10725964242784261
680,6.0,4.019223447920306,-19.057121327550007,-0.12251464355519454
681,6.0,5.23443622907061,-18.816633503724933,-0.137353481916657
682,6.0,6.434860376065834,-18.49731067516599,-0.15170929381061546
683,6.0,7.615209219255779,-18.099876694352982,-0.16551633179042258
684,6.0,8.770205188884317,-17.62543046210986,-0.17871035352778833
685,6.0,9.89460912069989,-17.07545091821028,-0.1912290195742379
686,6.0,10.983250699380463,-16.451799436990107,-0.20301229625011105
687,6.0,12.03105977625457,-15.7567194305177,-0.21400285952001663
688,6.0,13.033098264942641,-14.992832991742704,-0.22414649539887763
689,6.0,13.984592289350907,-14.163134445533329,-0.23339249218615
690,6.0,14.880964233943512,-13.2709807161522,-0.2416940196589419
691,6.0,15.717864327357113,-12.320078464844224,-0.2490084902775555
692,6.0,16.49120137806174,-11.314467999965144,-0.25529789747733866
693,6.0,17.19717227562952,-10.258504013431406,-0.2605291262441411
694,6.0,17.832289873785836,-9.156833250045393,-0.26467423139969576
695,6.0,18.39340888210642,-8.014369269155651,-0.2677106793573002
696,6.0,18.87774941208211,-6.836264509777977,-0.26962154954337014
697,6.0,19.282917850128246,-5.6278799193497,-0.2703956922094502
698,6.0,19.60692476454622,-4.394752451347006,-0.27002783997157126
699,6.0,19.848199594769255,-3.1425607767850643,-0.2685186710958932
700,7.0,-19.826461094444205,-22.919988170336072,0.9301993210196369
701,7.0,-18.332026789437194,-24.131651209992306,0.920751058911568
702,7.0,-16.763245036499892,-25.245223984509614,0.9075640161420784
703,7.0,-15.1266072426534,-26.25612232616092,0.890693246963678
704,7.0,-13.428889375897743,-27.160198602386924,0.8702093767079808
705,7.0,-11.677121623207235,-27.953759673582354,0.8461982728434935
706,7.0,-9.878556889986642,-28.63358261561359,0.818760643185615
707,7.0,-8.040638321766465,-29.196928129961798,0.7880115638355515
708,7.0,-6.170966034123538,-29.6415515809329,0.7540799398864658
709,7.0,-4.277263240289503,-29.965711616257366,0.7171079023637649
710,7.0,-2.367341967640497,-30.168176344412398,0.6772501452574168
711,7.0,-0.4490685542587265,-30.248227058938227,0.6346732068537386
712,7.0,1.4696708849395037,-30.205659516687753,0.5895546998790155
713,7.0,3.3810048363446965,-30.04078279315949,0.5420824952251175
714,7.0,5.277110428774741,-29.754415753639105,0.4924538642363362
715,7.0,7.150246962604905,-29.34788119365282,0.44087458469599344
716,7.0,8.992788759571948,-28.822997716073218,0.3875580157609317
717,7.0,10.797257174733883,-28.18206942498547,0.33272414715222237
718,7.0,12.556351621910387,-27.42787352801792,0.27659862792281736
719,7.0,14.262979474642673,-26.563645949178213,0.21941178008919873
720,7.0,15.910284716127263,-25.59306506325619,0.16139760233703404
721,7.0,17.49167522352905,-24.520233670515996,0.10279276889345193
722,7.0,19.000848584395197,-23.3496593366875,0.04383562850431991
723,7.0,20.43181635540957,-22.086233228183325,-0.015234791732220684
724,7.0,21.7789266862868,-20.735207576039187,-0.07417977314059343
725,7.0,23.036885244056347,-19.302171904342273,-0.13276187855591187
726,7.0,24.200774385188303,-17.79302815993816,-0.19074590769046612
727,7.0,25.266070534838057,-16.213964880063376,-0.24789983101925486
728,7.0,26.228659743819684,-14.571430533327863,-0.30399569871178156
729,7.0,27.084851404661162,-12.872106167267859,-0.3588105214305275
730,7.0,27.83139011816218,-11.12287749261009,-0.4121271201122044
731,7.0,28.465465711201986,-9.330806530548061,-0.46373494214218325
732,7.0,28.984721415076795,-7.503102944845555,-0.5134308416218165
733,7.0,29.387260221350466,-5.647095175570169,-0.5610198217094434
734,7.0,29.67164943905753,-3.770201485838764,-0.606315737285826
735,7.0,29.83692348309933,-1.8799010272433798,-0.6491419564510645
736,7.0,29.88258492883292,0.016294976269381145,-0.6893319796006674
737,7.0,29.808603872188748,1.910871832261626,-0.7267300150516394
738,7.0,29.615415638203228,3.796339683552447,-0.7611915103940361
739,7.0,29.303916883660445,5.665261429822247,-0.7925836389284738
740,7.0,28.875460141657342,7.510280190676413,-0.8207857407152283
741,7.0,28.331846857402084,9.324146239130755,-0.8456897179056341
742,7.0,27.675318965494043,11.099743339508738,-0.8672003841519158
743,7.0,26.90854905939035,12.830114428380393,-0.8852357679978746
744,7.0,26.034629203816234,14.508486581387547,-0.8997273702410437
745,7.0,25.05705844060475,16.128295212556747,-0.9106203753282135
746,7.0,23.979729037937187,17.68320745598256,-0.9178738169020821
747,7.0,22.80691153228139,19.167144682558984,-0.921460697658946
748,7.0,21.54323861157007,20.574304106750642,-0.9213680637076853
749,7.0,20.193687887405407,21.89917944023557,-0.9175970336408561
750,7.0,18.76356360339274,23.136580550643988,-0.9101627825416859
751,7.0,17.258477326167686,24.281652084589023,-0.8990944811584067
752,7.0,15.68432766535203,25.329891014777363,-0.8844351904819897
753,7.0,14.047279068614996,26.277163071246072,-0.8662417119673257
754,7.0,12.353739738280222,27.11971801675075,-0.8445843936435427
755,7.0,10.610338716552064,27.854203726089693,-0.8195468923687816
756,7.0,8.823902187474058,28.477679028755517,-0.7912258925006098
757,7.0,7.001429045207426,28.987625273829888,-0.7597307812774219
758,7.0,5.150065780148762,29.38195657555333,-0.7251832812407463
759,7.0,3.2770807368026436,29.65902869758781,-0.6877170400750623
760,7.0,1.3898378001883231,29.81764653372485,-0.6474771783022975
761,7.0,-0.5042304291193807,29.85707014275465,-0.6046197953439731
762,7.0,-2.3976499074592352,29.77701929548371,-0.559311434556172
763,7.0,-4.282932800043822,29.57767649254624,-0.5117285079520686
764,7.0,-6.152605439866171,29.259688412774192,-0.4620566814542245
765,7.0,-7.999236516169415,28.82416575354305,-0.41049022166450283
766,7.0,-9.815465410007247,28.272681426761213,-0.3572313053032698
767,7.0,-11.594030589156386,27.607267077080042,-0.30248929265099483
768,7.0,-13.327797969277185,26.83040789251873,-0.24647996652374637
769,7.0,-15.009789142847616,25.94503568206771,-0.18942473852808522
770,7.0,-16.63320937211157,24.954520199984525,-0.13154982456900416
771,7.0,-18.191475237192236,23.86265870245027,-0.07308539182481355
772,7.0,-19.67824182573098,22.673663729016674,-0.014264679652897627
773,7.0,-21.087429346034938,21.392149108838396,0.044676902852692046
774,7.0,-22.413249041864866,20.023114200031515,0.10350269966975484
775,7.0,-23.650228283784166,18.571926379588582,0.16197574777889107
776,7.0,-24.793234709531948,17.044301811064045,0.21985973071460302
777,7.0,-25.837499284284018,15.446284527651056,0.27691994198259196
778,7.0,-26.778638151031313,13.784223879220045,0.3329242543486789
779,7.0,-27.612673141724535,12.064750403282535,0.3876440907792933
780,7.0,-28.336050821394522,10.294750191566965,0.4408553926074855
781,7.0,-28.94565994022703,8.481337835822638,0.49233958031605474
782,7.0,-29.438847172605964,6.6318280484640795,0.5418845021748238
783,7.0,-29.813431027478906,4.753706065585444,0.5892853658462356
784,7.0,-30.067713821065272,2.8545969515561893,0.634345647986055
785,7.0,-30.20049161091947,0.9422339356944036,0.6768779768172943
786,7.0,-30.211061999662515,-0.9755740777601014,0.7167049826485732
787,7.0,-30.099229727262397,-2.890975675149842,0.7536601113453192
788,7.0,-29.86530998251331,-4.796110614041842,0.7875883958454643
789,7.0,-29.51012937725405,-6.683143850594486,0.8183471809418147
790,7.0,-29.035024540767385,-8.544299738346298,0.8458067967316318
791,7.0,-28.44183830659219,-10.371896217558351,0.8698511763600707
792,7.0,-27.732913479511865,-12.158378810113668,0.8903784139570418
793,7.0,-26.911084186595108,-13.89635423239261,0.9073012589852235
794,7.0,-25.97966483268443,-15.578623437580395,0.9205475435779535
795,7.0,-24.942436697464196,-17.19821389958046,0.9300605398464313
796,7.0,-23.803632228000836,-18.74841095314334,0.9357992445723962
797,7.0,-22.567917097229486,-20.222788008980142,0.9377385891705985
798,7.0,-21.240370115065733,-21.61523546849874,0.9358695733001585
799,7.0,-19.82646109444422,-22.919988170336055,0.9301993210196372
800,8.0,-47.20094551719504,-3.4239439841169954,14.042183507262056
801,8.0,-46.77597449810232,-6.5195191626192095,14.251071385335646
802,8.0,-46.102066555167966,-9.572014193841916,14.383217325734378
803,8.0,-45.186071446700666,-12.557367783899533,14.43802518089531
804,8.0,-44.0376167250431,-15.452630382997148,14.415822817539732
805,8.0,-42.66886841593027,-18.236357974099867,14.317835016211713
806,8.0,-41.09423074957313,-20.888951904170643,14.146132925921242
807,8.0,-39.329998987041265,-23.392934307161006,13.903563021685132
808,8.0,-37.39398092187455,-25.733152465700744,13.593659365189279
809,8.0,-35.30510308305463,-27.896909406356365,13.220543521495024
810,8.0,-33.08301708076531,-29.87402180276326,12.788816720669349
811,8.0,-30.747720069805396,-31.65680960149097,12.30344878661256
812,8.0,-28.31920116888061,-33.24002448886647,11.769668026279462
813,8.0,-25.81712311056855,-34.62072626836396,11.19285573910941
814,8.0,-23.260545650954892,-35.79811738558404,10.578448336183232
815,8.0,-20.66769456010336,-36.77334626150588,9.931849319555704
816,8.0,-18.055777523190706,-37.54928986983274,9.258352626311922
817,8.0,-15.440846134793873,-38.13032525107133,8.563078140063647
818,8.0,-12.837701440350573,-38.52209853999302,7.850919552141082
819,8.0,-10.259839196107203,-38.7312987382818,7.126504238873816
820,8.0,-7.719430169399191,-38.76544202025396,6.394164420383697
821,8.0,-5.227330343486585,-38.632670924122216,5.657918579779085
822,8.0,-2.7931157658378094,-38.34157143610226,4.921461941055394
823,8.0,-0.4251369175944415,-37.901009775437366,4.188164715611345
824,8.0,1.8694121839834494,-37.319989667227375,3.4610768145497266
825,8.0,4.084414473145383,-36.607530059106836,2.7429377695825425
826,8.0,6.214743695986076,-35.77256259440743,2.036190692922079
827,8.0,8.256174856131787,-34.8238476848015,1.342999221305907
828,8.0,10.205293894076618,-33.76990770921711,0.6652665188902316
829,8.0,12.059408715109143,-32.61897567935607,0.004655548271306542
830,8.0,13.816463195049401,-31.378957630988253,-0.6373900490879272
831,8.0,15.474955364392954,-30.057407000950626,-1.2596249974881009
832,8.0,17.033860603755762,-28.661509311274767,-1.8609817780169524
833,8.0,18.49256037638025,-27.198075585783545,-2.4405506871751714
834,8.0,19.850776773666404,-25.673543055590244,-2.9975607978829495
835,8.0,21.108512952178973,-24.09398185597487,-3.531361984759352
836,8.0,22.26599938932858,-22.465106568652924,-4.0414081154926365
837,8.0,23.32364577355377,-20.79229161348493,-4.5272414617620775
838,8.0,24.281998267069937,-19.080589637245488,-4.988478345244738
839,8.0,25.1417018292164,-17.334752180907245,-5.424796005390309
840,8.0,25.90346726081178,-15.559252029038596,-5.835920654544566
841,8.0,26.568042620060705,-13.758306754417498,-6.221616671398732
842,8.0,27.136188664458544,-11.935903067606892,-6.581676874507746
843,8.0,27.60865798748691,-10.095821665320363,-6.915913812758564
844,8.0,27.986177540958124,-8.241662343555708,-7.224152008324175
845,8.0,28.269434261471442,-6.37686920251536,-7.506221089089743
846,8.0,28.459063550878454,-4.504755821174278,-7.761949751191481
847,8.0,28.555640394610514,-2.6285303209195092,-7.9911604976885675
848,8.0,28.559672937220856,-0.7513202708379136,-8.193665106117667
849,8.0,28.471598370828517,1.1238025872461055,-8.369260785468688
850,8.0,28.291781028820886,2.9937977973219834,-8.51772699175376
851,8.0,28.020512613834008,4.855631822545769,-8.638822880662472
852,8.0,27.658014525452014,6.706253838527022,-8.732285385696589
853,8.0,27.204442289081257,8.54257167141315,-8.797827920582513
854,8.0,26.659892122918297,10.36142787108938,-8.835139715619167
855,8.0,26.024409714687778,12.159575921054392,-8.843885808894516
856,8.0,25.298001313664113,13.933656603773256,-8.823707724956435
857,8.0,24.48064727610846,15.680174563894496,-8.774224885503305
858,8.0,23.572318233208293,17.39547514212415,-8.695036808889059
859,8.0,22.572994079283433,19.075721590357727,-8.58572616760078
860,8.0,21.482686003568993,20.716872824550858,-8.445862785188833
861,8.0,20.30146181017529,22.31466192647524,-8.275008666160634
862,8.0,19.02947478638838,23.864575669679667,-8.072724163740997
863,8.0,17.66699638745534,25.361835419304423,-7.838575400685944
864,8.0,16.21445300408724,26.80137984038192,-7.572143066898123
865,8.0,14.672467064304238,28.1778499451241,-7.273032723641624
866,8.0,13.04190269060384,29.485577116260835,-6.940886746705342
867,8.0,11.323916082866544,30.718574859966402,-6.575398038706084
868,8.0,9.520010722511056,31.87053516668381,-6.1763256324041835
869,8.0,7.63209738930739,32.93483048853564,-5.743512290727401
870,8.0,5.662558843773983,33.90452247391866,-5.276904183225562
871,8.0,3.6143188499849632,34.77237872752792,-4.776572680770313
872,8.0,1.4909149909459032,35.530898979619124,-4.2427382581981785
873,8.0,-0.7034255426774507,36.17235214160416,-3.6757964259782394
874,8.0,-2.963708332416468,36.68882578330188,-3.0763455247322327
875,8.0,-5.284093796737169,37.072289574833995,-2.4452161087998032
876,8.0,-7.657820879779981,37.314674175144994,-1.7835015159973011
877,8.0,-10.077134766715773,37.40796689911343,-1.0925890703473904
878,8.0,-12.533221518690805,37.344325234501504,-0.37419119452817196
879,8.0,-15.016153016466655,37.1162088868567,0.3696244771129926
880,8.0,-17.514846074261893,36.716530485226805,1.136407089478502
881,8.0,-20.01703999535227,36.1388243691925,1.9232979612711754
882,8.0,-22.509297141009252,35.37743199137534,2.727010864860655
883,8.0,-24.977031218761958,34.42770141440678,3.54381882525945
884,8.0,-27.404567903848672,33.28619717873211,4.369549174297917
885,8.0,-29.77524202722136,31.950915509141886,5.199588626187249
886,8.0,-32.07153483803948,30.421498478328793,6.02890007523861
887,8.0,-34.275253735120344,28.699439444239335,6.852052633507304
888,8.0,-36.36775534003044,26.788270936583434,7.663266107662603
889,8.0,-38.330210866843096,24.693725316361032,8.456470650130004
890,8.0,-40.143910484055866,22.423858108759802,9.225381710348293
891,8.0,-41.790600864399366,19.98912404696572,9.963589673044305
892,8.0,-43.25284752886167,17.40239667235079,10.664662733578904
893,8.0,-44.51441110645679,14.678923883342126,11.322260674624694
894,8.0,-45.5606244760357,11.836214118949997,11.93025633802445
895,8.0,-46.37875616570697,8.89385083668101,12.482860805872477
896,8.0,-46.958344577188264,5.873236450131394,12.974747694715465
897,8.0,-47.291487747627336,2.7972707028695645,13.401171600066721
898,8.0,-47.37307455545156,-0.3100277158393183,13.758075663691194
899,8.0,-47.200945517195045,-3.4239439841169776,14.042183507262056
